Id,Label
Steel1943,Steel1943
Cuchullain,Cuchullain
INeverCry,INeverCry
Cncmaster,Cncmaster
Miniapolis,Miniapolis
Sven Manguard,Sven Manguard
Ramaksoud2000,Ramaksoud2000
RockMagnetist,RockMagnetist
Carrite,Carrite
Someguy1221,Someguy1221
Secret,Secret
Dennis Brown,Dennis Brown
MJ94,MJ94
King of Hearts,King of Hearts
Go Phightins!,Go Phightins!
Hahc21,Hahc21
TBrandley,TBrandley
Mazca,Mazca
Pratyya Ghosh,Pratyya Ghosh
Film at 11,Film at 11
Nyttend,Nyttend
SlimVirgin,SlimVirgin
Ducknish,Ducknish
Bluerasberry,Bluerasberry
DanielTom,DanielTom
RightCowLeftCoast,RightCowLeftCoast
Boing! said Zebedee,Boing! said Zebedee
Shadowjams,Shadowjams
Tolly4bolly,Tolly4bolly
NintendoFan,NintendoFan
Newyorkbrad,Newyorkbrad
Camyoung54,Camyoung54
MrX,MrX
Wikiwind,Wikiwind
Marcus Qwertyus,Marcus Qwertyus
Dirtlawyer1,Dirtlawyer1
Soap,Soap
HMSSolent,HMSSolent
Chris.urs-o,Chris.urs-o
Pol430,Pol430
Peridon,Peridon
Stalwart111,Stalwart111
Wizardman,Wizardman
Danger,Danger
AutomaticStrikeout,AutomaticStrikeout
Rzuwig,Rzuwig
069952497a,069952497a
WJBscribe,WJBscribe
EdJohnston,EdJohnston
Dainomite,Dainomite
Tucoxn,Tucoxn
LlamaAl,LlamaAl
Kurtis,Kurtis
Inks.LWC,Inks.LWC
Widr,Widr
In ictu oculi,In ictu oculi
Thumperward,Thumperward
Brookie,Brookie
Kierzek,Kierzek
WereSpielChequers,WereSpielChequers
Ret.Prof,Ret.Prof
Ultraexactzz,Ultraexactzz
Kraxler,Kraxler
Stillnotelf,Stillnotelf
Orlady,Orlady
KumiokoCleanStart,KumiokoCleanStart
PhilKnight,PhilKnight
Ronhjones,Ronhjones
Ignatzmice,Ignatzmice
MelanieN,MelanieN
Rivertorch,Rivertorch
Kaldari,Kaldari
Scott Martin,Scott Martin
Pharaoh of the Wizards,Pharaoh of the Wizards
Deli nk,Deli nk
Mr. Stradivarius,Mr. Stradivarius
Useight's Public Sock,Useight's Public Sock
CaSJer,CaSJer
RP459,RP459
Favonian,Favonian
Monterey Bay,Monterey Bay
Minimac,Minimac
Angelo1345,Angelo1345
Gilderien,Gilderien
Pedro,Pedro
Deb,Deb
Technical 13,Technical 13
Nick,Nick
Amorymeltzer,Amorymeltzer
Lenticel,Lenticel
Tiggerjay,Tiggerjay
Doctree,Doctree
SarekOfVulcan,SarekOfVulcan
Sparklism,Sparklism
Northamerica1000,Northamerica1000
Hut 8.5,Hut 8.5
MONGO,MONGO
Adjwilley,Adjwilley
Snow Blizzard,Snow Blizzard
Mkdw,Mkdw
Trusilver,Trusilver
RegentsPark,RegentsPark
Mediran,Mediran
Kudpung,Kudpung
The Transhumanist,The Transhumanist
Bloom6132,Bloom6132
SmokeyJoe,SmokeyJoe
Yintan,Yintan
Piotrus,Piotrus
Erik,Erik
GiantSnowman,GiantSnowman
Reaper Eternal,Reaper Eternal
Tryptofish,Tryptofish
Salvidrim,Salvidrim
Dwaipayanc,Dwaipayanc
78.26,78.26
Dru of Id,Dru of Id
Strike Eagle,Strike Eagle
Apteva,Apteva
Malleus Fatuorum,Malleus Fatuorum
S Marshall,S Marshall
Colonel Warden,Colonel Warden
Jusdafax,Jusdafax
Hobit,Hobit
DGG,DGG
Buggie111,Buggie111
John,John
Ihardlythinkso,Ihardlythinkso
Intothatdarkness,Intothatdarkness
Razionale,Razionale
Kauffner,Kauffner
Vodello,Vodello
Kiefer.Wolfowitz,Kiefer.Wolfowitz
Jebus989,Jebus989
Anthony Bradbury,Anthony Bradbury
Faizan Al-Badri,Faizan Al-Badri
Stfg,Stfg
PumpkinSky,PumpkinSky
The Potato Hose,The Potato Hose
I am One of Many,I am One of Many
Hawkeye7,Hawkeye7
MER-C,MER-C
Graham87,Graham87
TCN7JM,TCN7JM
Promethean,Promethean
Ankit Maity,Ankit Maity
Faizan,Faizan
Garion96,Garion96
Tom Morris,Tom Morris
Ymblanter,Ymblanter
Wangxuan8331800,Wangxuan8331800
Gobonobo,Gobonobo
BOZ,BOZ
SatuSuro,SatuSuro
Diannaa,Diannaa
Joe Decker,Joe Decker
Themfromspace,Themfromspace
Bbb23,Bbb23
JennKR,JennKR
Begoon,Begoon
Hughesdarren,Hughesdarren
Salvio giuliano,Salvio giuliano
MelbourneStar,MelbourneStar
SilkTork,SilkTork
Riana,Riana
IRWolfie-,IRWolfie-
My76Strat,My76Strat
Laurinavicius,Laurinavicius
Ponyo,Ponyo
The Utahraptor,The Utahraptor
Theonesean,Theonesean
MisterGugaruz,MisterGugaruz
Mohamed CJ,Mohamed CJ
Jschnur,Jschnur
Huon,Huon
Gnangarra,Gnangarra
Melburnian,Melburnian
Jafeluv,Jafeluv
Lectonar,Lectonar
Bobrayner,Bobrayner
Thine Antique Pen,Thine Antique Pen
Moondyne,Moondyne
WorldTraveller101,WorldTraveller101
Stephen,Stephen
ZappaOMati,ZappaOMati
NorthBySouthBaranof,NorthBySouthBaranof
Cullen328,Cullen328
Mabdul,Mabdul
OlEnglish,OlEnglish
SarahStierch,SarahStierch
Armbrust,Armbrust
Sphilbrick,Sphilbrick
JayJay,JayJay
Scray,Scray
Bearian,Bearian
Herostratus,Herostratus
Bahudhara,Bahudhara
Nick-D,Nick-D
Dan arndt,Dan arndt
99of9,99of9
Nathan Johnson,Nathan Johnson
Lankiveil,Lankiveil
Aircorn,Aircorn
Tyrol5,Tyrol5
Webclient101,Webclient101
Spencer,Spencer
Rogerd,Rogerd
Marek69,Marek69
Paul Erik,Paul Erik
Daniel,Daniel
Liangshan Yi,Liangshan Yi
Axl,Axl
John F. Lewis,John F. Lewis
Kablammo,Kablammo
Torreslfchero,Torreslfchero
LuK3,LuK3
Greengreengreenred,Greengreengreenred
GabeMc,GabeMc
Ajraddatz,Ajraddatz
X!,X!
Ktr101,Ktr101
Seraphimblade,Seraphimblade
Nouniquenames,Nouniquenames
Thomas85753,Thomas85753
Jprg1966,Jprg1966
Shrigley,Shrigley
The ed17,The ed17
Filelakeshoe,Filelakeshoe
NawlinWiki,NawlinWiki
BuickCenturyDriver,BuickCenturyDriver
Hydriz,Hydriz
Audacity,Audacity
Scott MacDonald,Scott MacDonald
WilyD,WilyD
Scottywong,Scottywong
TParis,TParis
KTC,KTC
DCI2026,DCI2026
Carnildo,Carnildo
Lord Roem,Lord Roem
Alanscottwalker,Alanscottwalker
Spencer.mccormick,Spencer.mccormick
Techman224,Techman224
Rschen7754,Rschen7754
Ianlopez12,Ianlopez12
Shawn in Montreal,Shawn in Montreal
Solarusdude,Solarusdude
Mifter,Mifter
Ace of Spades,Ace of Spades
Pichpich,Pichpich
Status,Status
Snowolf,Snowolf
Trevj,Trevj
Sue Rangell,Sue Rangell
Tazerdadog,Tazerdadog
Foxj,Foxj
NuclearWarfare,NuclearWarfare
A7x,A7x
Parsecboy,Parsecboy
Cmach7,Cmach7
RayAYang,RayAYang
Dank,Dank
Malcolmxl5,Malcolmxl5
Garamond Lethe,Garamond Lethe
Keepscases,Keepscases
C678,C678
WikiPuppies,WikiPuppies
Uncle Milty,Uncle Milty
7,7
Athaenara,Athaenara
Rich Farmbrough,Rich Farmbrough
UnbelievableError,UnbelievableError
Demiurge1000,Demiurge1000
Yash!,Yash!
Kumioko,Kumioko
Guðsþegn,Guðsþegn
Diesel-50,Diesel-50
Townlake,Townlake
Bwilkins,Bwilkins
Theopolisme,Theopolisme
Slon02,Slon02
Andrewman327,Andrewman327
Bishonen,Bishonen
Amadscientist,Amadscientist
Nikkimaria,Nikkimaria
gwickwire,gwickwire
Richwales,Richwales
Espresso Addict,Espresso Addict
Cailil,Cailil
AndyTheGrump,AndyTheGrump
Modernist,Modernist
OrenBochman,OrenBochman
DeltaQuad,DeltaQuad
The-Pope,The-Pope
Graeme Bartlett,Graeme Bartlett
The Anonymouse,The Anonymouse
LindsayH,LindsayH
Titodutta,Titodutta
Morning Sunshine,Morning Sunshine
Cirt,Cirt
Jan eissfeldt,Jan eissfeldt
Brambleberry of RiverClan,Brambleberry of RiverClan
Érico Júnior Wouters,Érico Júnior Wouters
Airplaneman,Airplaneman
Vacation9,Vacation9
Bill william compton,Bill william compton
Evermore2,Evermore2
Andrew Gray,Andrew Gray
Herbythyme,Herbythyme
Ceoil,Ceoil
Forgot to put name,Forgot to put name
Addshore,Addshore
Antiquary,Antiquary
Retrolord,Retrolord
It Is Me Here,It Is Me Here
5 albert square,5 albert square
James086,James086
billinghurst,billinghurst
Glrx,Glrx
Swarm,Swarm
Mlpearc,Mlpearc
Truthkeeper88,Truthkeeper88
A.Savin,A.Savin
SMcCandlish,SMcCandlish
Inka 888,Inka 888
Bzweebl,Bzweebl
Kusma,Kusma
Vao Tv1,Vao Tv1
MSGJ,MSGJ
QuiteUnusual,QuiteUnusual
Legoktm,Legoktm
Darkwind,Darkwind
Hex,Hex
Staberinde,Staberinde
Philosopher,Philosopher
Calmer Waters,Calmer Waters
Resident Mario,Resident Mario
Shudde,Shudde
FeydHuxtable,FeydHuxtable
Till,Till
Salih,Salih
Salvio  giuliano,Salvio  giuliano
Claritas,Claritas
Martinp,Martinp
Happy-melon,Happy-melon
Casliber,Casliber
Acalamari,Acalamari
Floquenbeam,Floquenbeam
Epbr123,Epbr123
Nihonjoe,Nihonjoe
Ks0stm,Ks0stm
Juliancolton,Juliancolton
Atama,Atama
Moriori,Moriori
Ched,Ched
Reyk,Reyk
Mark Arsten,Mark Arsten
Sluzzelin,Sluzzelin
C628,C628
Anthonyhcole,Anthonyhcole
Keilana,Keilana
Wehwalt,Wehwalt
Gerda Arendt,Gerda Arendt
Steven Zhang,Steven Zhang
Ishdarian,Ishdarian
Drmargi,Drmargi
GB fan,GB fan
28bytes,28bytes
A. B.,A. B.
Guettarda,Guettarda
DaGizza,DaGizza
Risker,Risker
Collect,Collect
AlexiusHoratius,AlexiusHoratius
Thingg,Thingg
Chick Bowen,Chick Bowen
Kim Dent-Brown,Kim Dent-Brown
MZMcBride,MZMcBride
KillerChihuahua,KillerChihuahua
Littleolive oil,Littleolive oil
Mephistophelian,Mephistophelian
Yunshui,Yunshui
Thompson.matthew,Thompson.matthew
LemonTwinkle,LemonTwinkle
GregJackP,GregJackP
JLDW,JLDW
Plutonium27,Plutonium27
M.O.X,M.O.X
Master of Puppets,Master of Puppets
Nsk92,Nsk92
,
Ritchie333,Ritchie333
Jasper Deng,Jasper Deng
Closedmouth,Closedmouth
Emufarmers,Emufarmers
kelapstick,kelapstick
filelakeshoe,filelakeshoe
MaxSem,MaxSem
Rcsprinter123,Rcsprinter123
TheOriginalSoni,TheOriginalSoni
Jack Phoenix,Jack Phoenix
Petrb,Petrb
The Devil's Advocate,The Devil's Advocate
Ceranthor,Ceranthor
Paulmcdonald,Paulmcdonald
Timotheus Canens,Timotheus Canens
Gogo Dodo,Gogo Dodo
Cameron11598,Cameron11598
Redrose64,Redrose64
Manning Bartlett,Manning Bartlett
AGK,AGK
Callanecc,Callanecc
Arctic Kangaroo,Arctic Kangaroo
PinkAmpersand,PinkAmpersand
B,B
Reedy,Reedy
Rjd0060,Rjd0060
Killiondude,Killiondude
Bgwhite,Bgwhite
ADH10,ADH10
Thehelpfulone,Thehelpfulone
DerHexer,DerHexer
Keegan,Keegan
Bibliomaniac15,Bibliomaniac15
Dougweller,Dougweller
Patar knight,Patar knight
Harej,Harej
Epeefleche,Epeefleche
Kevin12xd,Kevin12xd
Imzadi1979,Imzadi1979
Bsadowski1,Bsadowski1
Matthewrbowker,Matthewrbowker
Starblind,Starblind
Moe Epsilon,Moe Epsilon
とある白い猫,とある白い猫
A930913,A930913
Eeekster,Eeekster
Scott5114,Scott5114
avriette,avriette
The Illusive Man,The Illusive Man
AlexandrDmitri,AlexandrDmitri
Courcelles,Courcelles
Prioryman,Prioryman
Ironholds,Ironholds
Roger Davies,Roger Davies
GorillaWarfare,GorillaWarfare
Tony1,Tony1
Fox Wilson,Fox Wilson
Wctaiwan,Wctaiwan
Sir Nicholas de Mimsy-Porpington,Sir Nicholas de Mimsy-Porpington
Wifione,Wifione
Floating Boat,Floating Boat
Dreadstar,Dreadstar
Neotarf,Neotarf
Majoreditor,Majoreditor
Michaelzeng7,Michaelzeng7
Ryan Postlethwaite,Ryan Postlethwaite
Guy Macon,Guy Macon
Ben MacDui,Ben MacDui
Atethnekos,Atethnekos
Royalbroil,Royalbroil
Leaky caldron,Leaky caldron
Sunray,Sunray
George Ponderevo,George Ponderevo
Jayen466,Jayen466
Hullaballoo Wolfowitz,Hullaballoo Wolfowitz
The Rambling Man,The Rambling Man
Oldelpaso,Oldelpaso
Number 57,Number 57
DUCKISJAMMMY,DUCKISJAMMMY
Woody,Woody
Struway2,Struway2
Buster7,Buster7
JMHamo,JMHamo
Andrew Stiff,Andrew Stiff
Lukeno94,Lukeno94
Buffbills7701,Buffbills7701
Giants2008,Giants2008
Donner60,Donner60
Salix alba,Salix alba
Walls of Jericho,Walls of Jericho
Numbermaniac,Numbermaniac
JetBlast,JetBlast
Black Kite,Black Kite
Cindamuse,Cindamuse
Y,Y
TCO,TCO
MugsWrit,MugsWrit
Chrishonduras,Chrishonduras
BDD,BDD
Elen of the Roads,Elen of the Roads
Yrtneg,Yrtneg
Torchiest,Torchiest
IComputerSaysNo,IComputerSaysNo
Cncplayer,Cncplayer
Moonriddengirl,Moonriddengirl
Cmckain14,Cmckain14
PaleAqua,PaleAqua
Mscuthbert,Mscuthbert
Wikipedian Penguin,Wikipedian Penguin
Mark91,Mark91
Riley Huntley,Riley Huntley
Bagumba,Bagumba
Gigs,Gigs
DrumstickJuggler,DrumstickJuggler
TelevisionMan13,TelevisionMan13
Michig,Michig
Cabe6403,Cabe6403
Bonkers The Clown,Bonkers The Clown
Vigyani,Vigyani
Tokyogirl79,Tokyogirl79
The Interior,The Interior
Revolution1221,Revolution1221
Mike 7,Mike 7
Catfish Jim,Catfish Jim
Prodego,Prodego
RexxS,RexxS
Solomon7968,Solomon7968
Smtchahal,Smtchahal
Jackson Peebles,Jackson Peebles
Ushau97,Ushau97
Mjroots,Mjroots
Keeper76,Keeper76
Sitush,Sitush
Seonookim,Seonookim
Jayjg,Jayjg
Makecat,Makecat
Lowkeyvision,Lowkeyvision
Iselilja,Iselilja
Binksternet,Binksternet
Jmh649,Jmh649
Monty845,Monty845
Philippe,Philippe
ErrantX,ErrantX
Madman,Madman
PStrait,PStrait
Lawrencekhoo,Lawrencekhoo
Vensatry,Vensatry
T. Canens,T. Canens
Crisco 1492,Crisco 1492
Nolelover,Nolelover
Ragesoss,Ragesoss
Guerillero,Guerillero
Kilopi,Kilopi
Zad68,Zad68
Fladrif,Fladrif
GabrielF,GabrielF
Biglulu,Biglulu
Vejvančický,Vejvančický
Silver seren,Silver seren
Pigsonthewing,Pigsonthewing
Martijn Hoekstra,Martijn Hoekstra
ansumang,ansumang
Vini 175,Vini 175
Ebe123,Ebe123
Rlendog,Rlendog
MastCell,MastCell
Anna Frodesiak,Anna Frodesiak
ChrisGualtieri,ChrisGualtieri
Royalmate1,Royalmate1
Greatuser,Greatuser
TheGeneralUser,TheGeneralUser
Darkstar1st,Darkstar1st
Pdcook,Pdcook
Beeblebrox,Beeblebrox
Coren,Coren
MarnetteD,MarnetteD
Connormah,Connormah
LadyofShalott,LadyofShalott
Fluffernutter,Fluffernutter
Mrt3366,Mrt3366
WhatamIdoing,WhatamIdoing
Beagel,Beagel
Hhhippo,Hhhippo
Xxanthippe,Xxanthippe
Σ,Σ
Stifle,Stifle
The Blade of the Northern Lights,The Blade of the Northern Lights
FreeRangeFrog,FreeRangeFrog
AniMate,AniMate
Zagalejo,Zagalejo
FiachraByrne,FiachraByrne
KrakatoaKatie,KrakatoaKatie
Dlohcierekim,Dlohcierekim
AuburnPilot,AuburnPilot
Surajt88,Surajt88
Tikiwont,Tikiwont
Tariqabjotu,Tariqabjotu
Riffic,Riffic
Ldvnsx,Ldvnsx
Skinwalker,Skinwalker
TUXLIE,TUXLIE
Rockfang,Rockfang
Nathan,Nathan
And Adoil Descended,And Adoil Descended
SheepNotGoats,SheepNotGoats
Ohconfucius,Ohconfucius
Sergecross73,Sergecross73
Ypnypn,Ypnypn
Worm That Turned,Worm That Turned
Jenks24,Jenks24
Drmies,Drmies
Carioca,Carioca
CorrectKnowledge,CorrectKnowledge
ItsZippy,ItsZippy
Purplebackpack89,Purplebackpack89
Tofutwitch11,Tofutwitch11
Yaksar,Yaksar
DHeyward,DHeyward
Dream Focus,Dream Focus
MichaelQSchmidt,MichaelQSchmidt
Amalthea,Amalthea
Gongshow,Gongshow
Sjones23,Sjones23
Gareth Griffith-Jones,Gareth Griffith-Jones
Knowledgekid87,Knowledgekid87
Sandstein,Sandstein
Satellizer,Satellizer
Location,Location
Beyond My Ken,Beyond My Ken
Wsiegmund,Wsiegmund
TheOverflow,TheOverflow
Hell in a Bucket,Hell in a Bucket
Cavarrone,Cavarrone
Deryck Chan,Deryck Chan
Alf.laylah.wa.laylah,Alf.laylah.wa.laylah
TempName1,TempName1
J04n,J04n
XapApp,XapApp
Ocaasi,Ocaasi
Ottawa4ever,Ottawa4ever
Anir1uph,Anir1uph
Clarkcj12,Clarkcj12
Milowent,Milowent
Malinaccier,Malinaccier
NativeForeigner,NativeForeigner
Johnuniq,Johnuniq
J36miles,J36miles
Hu12,Hu12
Shirik,Shirik
Russavia,Russavia
Stefan2,Stefan2
Azylber,Azylber
Incnis Mrsi,Incnis Mrsi
Ezhiki,Ezhiki
Tomcat7,Tomcat7
Spartaz,Spartaz
Soul Train,Soul Train
Laurascudder,Laurascudder
Marauder40,Marauder40
TheShadowCrow,TheShadowCrow
ImperfectlyInformed,ImperfectlyInformed
Brateevsky,Brateevsky
Sj,Sj
The Bushranger,The Bushranger
Bensdream,Bensdream
ThePHAdvocate,ThePHAdvocate
AmericanJohn33,AmericanJohn33
VQuakr,VQuakr
nerdfighter,nerdfighter
Amatulic,Amatulic
BrownHairedGirl,BrownHairedGirl
Yeepsi,Yeepsi
Nomoskedasticity,Nomoskedasticity
Viriditas,Viriditas
Gandydancer,Gandydancer
MilborneOne,MilborneOne
Writegeist,Writegeist
Sonicyouth86,Sonicyouth86
Cluetrainwoowoo,Cluetrainwoowoo
Rjensen,Rjensen
Noleander,Noleander
Ohnoitsjamie,Ohnoitsjamie
Pass a Method,Pass a Method
The Four Deuces,The Four Deuces
Malke 2010,Malke 2010
Ubikwit,Ubikwit
Slp1,Slp1
Thargor Orlando,Thargor Orlando
Orange Suede Sofa,Orange Suede Sofa
Arkon,Arkon
Arzel,Arzel
GeorgeLouis,GeorgeLouis
Doc9871,Doc9871
Little green rosetta,Little green rosetta
Toa Nidhiki05,Toa Nidhiki05
StAnselm,StAnselm
Capitalismojo,Capitalismojo
Badmintonhist,Badmintonhist
Ryan Vesey,Ryan Vesey
Cla68,Cla68
SB Johnny,SB Johnny
SimSaladBim,SimSaladBim
Stanistani,Stanistani
Edison,Edison
Kevin,Kevin
Solti,Solti
Only in death,Only in death
Volunteer Marek,Volunteer Marek
Santa Claus of the Future,Santa Claus of the Future
BarkingFish,BarkingFish
Gryllida,Gryllida
LauraHale,LauraHale
De728631,De728631
Writ Keeper,Writ Keeper
Malik Shabazz,Malik Shabazz
LittleBenW,LittleBenW
Jweiss11,Jweiss11
Kuru,Kuru
Patriarca12,Patriarca12
Cbl62,Cbl62
TonyTheTiger,TonyTheTiger
Zeng8r,Zeng8r
Bmusician,Bmusician
Darkfrog24,Darkfrog24
Philipmj24,Philipmj24
Ejgreen77,Ejgreen77
Richmond96,Richmond96
Frietjes,Frietjes
Dicklyon,Dicklyon
Noetica,Noetica
Darkness Shines,Darkness Shines
Baseball Bugs,Baseball Bugs
Plastikspork,Plastikspork
Bidgee,Bidgee
LightGreenApple,LightGreenApple
HaugenErik,HaugenErik
Toddst1,Toddst1
Vanisaac,Vanisaac
Jrcla2,Jrcla2
Mentoz86,Mentoz86
Tomica,Tomica
Basalisk,Basalisk
Andy Dingley,Andy Dingley
Elockid,Elockid
Mike V,Mike V
Ip mask,Ip mask
Italick,Italick
Sun Creator,Sun Creator
Hillbillyholiday81,Hillbillyholiday81
You Can Act Like A Man,You Can Act Like A Man
Yngvadottir,Yngvadottir
Canuckian89,Canuckian89
Mendaliv,Mendaliv
JamesBWatson,JamesBWatson
Atlan,Atlan
Lettik,Lettik
Hasteur,Hasteur
NHRHS2010,NHRHS2010
Djsasso,Djsasso
Resolute,Resolute
Star Mississippi,Star Mississippi
Jguy,Jguy
Epicgenius,Epicgenius
EVula,EVula
Poeticbent,Poeticbent
Vecrumba,Vecrumba
Sandstunk,Sandstunk
Water Squid,Water Squid
Adoptlesds,Adoptlesds
Johnbod,Johnbod
Shirt58,Shirt58
My very best wishes,My very best wishes
Dr. Blofeld,Dr. Blofeld
Homunculus,Homunculus
Halibutt,Halibutt
Fabartus,Fabartus
Agathoclea,Agathoclea
Gwillhickers,Gwillhickers
Rocksanddirt,Rocksanddirt
Giano,Giano
Nanobear,Nanobear
Future Perfect at Sunrise,Future Perfect at Sunrise
Estlandia,Estlandia
Heimstern,Heimstern
MaskedHero,MaskedHero
Kobnach,Kobnach
Curb Chain,Curb Chain
Ansh666,Ansh666
Ghirlandajo,Ghirlandajo
HerkusMonte,HerkusMonte
Miss Bono,Miss Bono
Benzband,Benzband
Deadbeef,Deadbeef
TruPepitoM,TruPepitoM
Chris troutman,Chris troutman
FlyingPuppy2,FlyingPuppy2
zeeyanketu,zeeyanketu
Shaun9876,Shaun9876
FrigidNinja,FrigidNinja
Chip123456,Chip123456
Phil Bridger,Phil Bridger
Chutznik,Chutznik
HJ Mitchell,HJ Mitchell
Daniel Tomé,Daniel Tomé
Nerdfighter,Nerdfighter
Jorgath,Jorgath
Zepppep,Zepppep
Mysterytrey,Mysterytrey
JoshuaZ,JoshuaZ
Vertium,Vertium
HueSatLum,HueSatLum
Chrishmt0423,Chrishmt0423
Electriccatfish2,Electriccatfish2
Deor,Deor
CharlieEchoTango,CharlieEchoTango
Chris4315,Chris4315
Berean Hunter,Berean Hunter
Rotten regard,Rotten regard
Phantomsteve,Phantomsteve
Saedon,Saedon
TheSpecialUser,TheSpecialUser
Everyking,Everyking
Intoronto1125,Intoronto1125
Cresix,Cresix
Antandrus,Antandrus
Wisdom89,Wisdom89
SudoGhost,SudoGhost
Dr.K.,Dr.K.
Valenciano,Valenciano
OohBunnies!,OohBunnies!
Siawase,Siawase
Cyberpower678,Cyberpower678
IShadowed,IShadowed
Edinburgh Wanderer,Edinburgh Wanderer
Kevin Gorman,Kevin Gorman
Hiberniantears,Hiberniantears
DoriSmith,DoriSmith
Vibhijain,Vibhijain
Nomader,Nomader
Fetchcomms,Fetchcomms
Maunus,Maunus
BusterD,BusterD
Anbu121,Anbu121
Elizium23,Elizium23
Daniel Case,Daniel Case
kennedy,kennedy
Kafka Liz,Kafka Liz
GimliDotNet,GimliDotNet
Orangemike,Orangemike
Isarra,Isarra
Joefromrandb,Joefromrandb
Anderson9990,Anderson9990
Fasttimes68,Fasttimes68
Youreallycan,Youreallycan
Tamsier,Tamsier
Portillo,Portillo
Hipocrite,Hipocrite
Cube lurker,Cube lurker
ThaddeusB,ThaddeusB
DoRD,DoRD
Frood,Frood
Egg Centric,Egg Centric
Arcandam,Arcandam
Acroterion,Acroterion
Wayne Slam,Wayne Slam
Aude,Aude
Xymmax,Xymmax
Pundit,Pundit
Wagino 20100516,Wagino 20100516
Master&Expert,Master&Expert
BD2412,BD2412
Ched Davis,Ched Davis
Steven Walling,Steven Walling
Dweller,Dweller
DBigXray,DBigXray
Ceradon,Ceradon
Skier Dude,Skier Dude
Ged UK,Ged UK
Michael Anon,Michael Anon
Jedd Raynier,Jedd Raynier
Jac16888,Jac16888
Magioladitis,Magioladitis
Eagles247,Eagles247
Mandarax,Mandarax
Dentalplanlisa,Dentalplanlisa
Dengero,Dengero
Samsara,Samsara
Julia W,Julia W
Peripitus,Peripitus
MathewTownsend,MathewTownsend
Khazar2,Khazar2
GrahamColm,GrahamColm
Materialscientist,Materialscientist
Zanhe,Zanhe
Eustress,Eustress
Br'er Rabbit,Br'er Rabbit
Tim riley,Tim riley
Dipankan001,Dipankan001
WaitingForConnection,WaitingForConnection
Chedzilla,Chedzilla
Grapple X,Grapple X
Rsrikanth05,Rsrikanth05
SL93,SL93
Antidiskriminator,Antidiskriminator
Wilbysuffolk,Wilbysuffolk
TowTrucker,TowTrucker
Livitup,Livitup
NTox,NTox
CapMan07008,CapMan07008
Mailer diablo,Mailer diablo
ChromaNebula,ChromaNebula
Achowat,Achowat
JoeSperrazza,JoeSperrazza
SoWhy,SoWhy
Lothar von Richthofen,Lothar von Richthofen
Evanh2008,Evanh2008
Strange Passerby,Strange Passerby
Whenaxis,Whenaxis
Drla8th!,Drla8th!
Nick Wilson,Nick Wilson
Frank,Frank
Mojoworker,Mojoworker
PCHS-NJROTC,PCHS-NJROTC
A412,A412
Mtking,Mtking
Mr little irish,Mr little irish
Bruvtakesover,Bruvtakesover
GMolewaterdelaRiveBox,GMolewaterdelaRiveBox
Dpmuk,Dpmuk
Ferddog,Ferddog
CalumH93,CalumH93
Hazard-SJ,Hazard-SJ
Hghyux,Hghyux
Samir,Samir
2eschew surplusage,2eschew surplusage
Deathlaser,Deathlaser
Orphan Wiki,Orphan Wiki
Wikid77,Wikid77
Excirial,Excirial
MistyMorn,MistyMorn
TenPoundHammer,TenPoundHammer
NeilN,NeilN
Oculi,Oculi
Jayron32,Jayron32
Wikipelli,Wikipelli
ThatPeskyCommoner,ThatPeskyCommoner
Ravenswing,Ravenswing
Ohiostandard,Ohiostandard
Hegvald,Hegvald
Tomtomn00,Tomtomn00
Toddy1,Toddy1
the wub,the wub
Sodin,Sodin
Mato,Mato
Pablo X,Pablo X
Logan,Logan
Yasht101,Yasht101
Kraftlos,Kraftlos
He to Hecuba,He to Hecuba
Lukep913,Lukep913
90,90
Fastily,Fastily
CactusWriter,CactusWriter
Jc37,Jc37
Pseudofusulina,Pseudofusulina
StephenBuxton,StephenBuxton
Andy4789,Andy4789
HandiGoatMasala,HandiGoatMasala
MikeLynch,MikeLynch
Hokeman,Hokeman
Il223334234,Il223334234
Nancy,Nancy
Surturz,Surturz
Animeshkulkarni,Animeshkulkarni
SpacemanSpiff,SpacemanSpiff
David1217,David1217
Scholarly Breeze,Scholarly Breeze
EngineerFromVega,EngineerFromVega
First Light,First Light
Shyamsunder,Shyamsunder
Abhishek191288,Abhishek191288
TRLIJC19,TRLIJC19
Robo Cop,Robo Cop
Shoessss,Shoessss
Jsjsjs1111,Jsjsjs1111
EatsShootsAndLeaves,EatsShootsAndLeaves
Mrmatiko,Mrmatiko
PaoloNapolitano,PaoloNapolitano
France3470,France3470
Timrollpickering,Timrollpickering
Good Olfactory,Good Olfactory
Kbdank71,Kbdank71
Hurricanefan25,Hurricanefan25
Black Falcon,Black Falcon
Cadonian,Cadonian
Cusop Dingle,Cusop Dingle
B.wilson,B.wilson
Alzarian16,Alzarian16
EchetusXe,EchetusXe
WFCforLife,WFCforLife
Robofish,Robofish
SunCreator,SunCreator
Visik,Visik
Feedintm,Feedintm
Abhijay,Abhijay
Jni,Jni
Extra999,Extra999
Mehran,Mehran
Tinucherian,Tinucherian
Karl 334,Karl 334
Mkativerata,Mkativerata
Krashlandon,Krashlandon
WikHead,WikHead
BarretBonden,BarretBonden
Fumitol,Fumitol
Quarl,Quarl
Mdann52,Mdann52
Sahara4u,Sahara4u
Maidahl,Maidahl
Frankie,Frankie
Bencherlite,Bencherlite
Drdak,Drdak
Dylan620,Dylan620
Puffin,Puffin
Mythio,Mythio
Hurricanefan24,Hurricanefan24
Markerdryer,Markerdryer
TransporterMan,TransporterMan
Dontforgetthisone,Dontforgetthisone
JungleFuryPizza,JungleFuryPizza
Josh Parris,Josh Parris
RxS,RxS
Fuhghettaboutit,Fuhghettaboutit
Mr. Wikipediania,Mr. Wikipediania
ErikHaugen,ErikHaugen
Baseball Watcher,Baseball Watcher
Yutsi,Yutsi
Dohn joe,Dohn joe
Kicking222,Kicking222
Bduke,Bduke
"Chase me ladies, I'm the Cavalry","Chase me ladies, I'm the Cavalry"
SouthernNights,SouthernNights
BlueFen,BlueFen
FloNight,FloNight
SandyGeorgia,SandyGeorgia
Accedie,Accedie
Montanabw,Montanabw
PresN,PresN
Lecen,Lecen
Secret of success,Secret of success
NAHID,NAHID
Cassianto,Cassianto
Acdixon,Acdixon
AdabowtheSecond,AdabowtheSecond
Peter.C,Peter.C
Ruslik0,Ruslik0
UpstateNYer,UpstateNYer
Kangaroopower,Kangaroopower
James500,James500
WilliamH,WilliamH
Hi878,Hi878
Richardpeterlyons148,Richardpeterlyons148
Joyson Prabhu,Joyson Prabhu
Stubbleboy,Stubbleboy
Niri.M,Niri.M
Sodabottle,Sodabottle
Damirgraffiti,Damirgraffiti
Omer123hussain,Omer123hussain
PMC,PMC
Tawker,Tawker
AshLin,AshLin
AroundTheGlobe,AroundTheGlobe
Ravichandar84,Ravichandar84
MC10,MC10
Crispmuncher,Crispmuncher
Jeffwang,Jeffwang
S,S
PlasmaTime,PlasmaTime
No qwach macken,No qwach macken
Short Brigade Harvester Boris,Short Brigade Harvester Boris
North8000,North8000
Topher385,Topher385
Becritical,Becritical
Altamel,Altamel
Feezo,Feezo
Astronomyinertia,Astronomyinertia
Nobody Ent,Nobody Ent
Mitchazenia,Mitchazenia
Cntras,Cntras
Fuzheado,Fuzheado
Naveenpf,Naveenpf
Jennie--x,Jennie--x
Protonk,Protonk
Jgmikulay,Jgmikulay
David Gerard,David Gerard
LoriLee,LoriLee
Another Believer,Another Believer
Osarius,Osarius
Multichill,Multichill
AutoGyro,AutoGyro
Djembayz,Djembayz
Swatjester,Swatjester
Kirill Lokshin,Kirill Lokshin
Bilby,Bilby
Koavf,Koavf
Rosiestep,Rosiestep
Sky Harbor,Sky Harbor
石,石
V838 Monocerotis,V838 Monocerotis
Jdforrester,Jdforrester
ChesPal,ChesPal
Seeeko,Seeeko
Wittylama,Wittylama
Heatherawalls,Heatherawalls
Adam mugliston,Adam mugliston
Jtmorgan,Jtmorgan
Orderinchaos,Orderinchaos
Alarbus,Alarbus
Alpha Quadrant,Alpha Quadrant
An Illusive Man,An Illusive Man
FusionChamber,FusionChamber
JohnChrysostom,JohnChrysostom
0pen$0urce,0pen$0urce
Peteforsyth,Peteforsyth
Oakshade,Oakshade
Balloonman,Balloonman
Cyan Gardevoir,Cyan Gardevoir
Rehevkor,Rehevkor
Moxy,Moxy
Lucky102,Lucky102
Firsfron,Firsfron
Sjakkalle,Sjakkalle
Angryapathy,Angryapathy
Dana boomer,Dana boomer
Davewild,Davewild
Tijfo098,Tijfo098
Hot Stop,Hot Stop
Churn and change,Churn and change
I Jethrobot,I Jethrobot
Neutralhomer,Neutralhomer
Jehochman,Jehochman
SassyLilNugget,SassyLilNugget
AlexJFox,AlexJFox
Dravecky,Dravecky
Coffee,Coffee
Leontopodium alpinum,Leontopodium alpinum
SkepticalRaptor,SkepticalRaptor
Bielle,Bielle
EauOo,EauOo
Deed89,Deed89
Acps110,Acps110
Lear's Fool,Lear's Fool
Pgallert,Pgallert
DracoEssentialis,DracoEssentialis
Fly by Night,Fly by Night
Berig,Berig
완젬스,완젬스
KATANAGOD,KATANAGOD
SwisterTwister,SwisterTwister
Specs112,Specs112
Theleftorium,Theleftorium
Rotorcowboy,Rotorcowboy
Gran2,Gran2
Ubelowme,Ubelowme
PeterSymonds,PeterSymonds
Ian159,Ian159
Rannpháirtí anaithnid,Rannpháirtí anaithnid
JonasEncyclopedia,JonasEncyclopedia
Jimfbleak,Jimfbleak
Barts1a,Barts1a
The Earwig,The Earwig
TyA,TyA
Zac,Zac
Kansan,Kansan
StringTheory11,StringTheory11
KoshVorlon,KoshVorlon
Sp33dyphil,Sp33dyphil
JamesR,JamesR
Zedd,Zedd
Meshach,Meshach
Cunard,Cunard
GreatOrangePumpkin,GreatOrangePumpkin
Peter cohen,Peter cohen
Kcowolf,Kcowolf
OhanaUnited,OhanaUnited
Cardamon,Cardamon
Collingwood,Collingwood
Christopher Parham,Christopher Parham
Tznkai,Tznkai
Chaser,Chaser
Faustus37,Faustus37
Karthikndr,Karthikndr
PJBoellaard,PJBoellaard
AndieM,AndieM
Challengethelimits,Challengethelimits
Rasnaboy,Rasnaboy
JHunterJ,JHunterJ
Skater,Skater
Adjkasi,Adjkasi
Bali ultimate,Bali ultimate
AndrewN,AndrewN
Malick78,Malick78
Parrot of Doom,Parrot of Doom
Bua333,Bua333
Schnoatbrax,Schnoatbrax
Runningonbrains,Runningonbrains
David Fuchs,David Fuchs
TBloemink,TBloemink
Pstanton,Pstanton
Khvalamde,Khvalamde
Shakehandsman,Shakehandsman
ESkog,ESkog
Theking17825,Theking17825
Soviet King,Soviet King
Lagrange613,Lagrange613
ContinueWithCaution,ContinueWithCaution
Nev1,Nev1
Smsarmad,Smsarmad
Yoenit,Yoenit
Moni3,Moni3
ANTONIOROCKS,ANTONIOROCKS
A Stop at Willoughby,A Stop at Willoughby
Basket of Puppies,Basket of Puppies
Harry the Dirty Dog,Harry the Dirty Dog
Franamax,Franamax
Valfontis,Valfontis
Secondarywaltz,Secondarywaltz
Dough4872,Dough4872
Bright Darkness,Bright Darkness
Fredddie,Fredddie
Souravmohanty2005,Souravmohanty2005
Wtshymanski,Wtshymanski
OwenX,OwenX
ClemRutter,ClemRutter
Albacore,Albacore
Jsharpminor,Jsharpminor
Theopolisme (Public),Theopolisme (Public)
Unscintillating,Unscintillating
Canoe1967,Canoe1967
Calabe1992,Calabe1992
Wasted Time R,Wasted Time R
WestwoodMatt,WestwoodMatt
doncram,doncram
John Nevard,John Nevard
Dominic,Dominic
Mike Cline,Mike Cline
Alanl,Alanl
Keystoneridin,Keystoneridin
Magiciandude,Magiciandude
Tow,Tow
Solarra,Solarra
M'encarta,M'encarta
Anupam,Anupam
Julle,Julle
Xezbeth,Xezbeth
Bob K31416,Bob K31416
JarrodKyser05,JarrodKyser05
Rschen7754 public,Rschen7754 public
Sreejithk2000,Sreejithk2000
Blurpeace,Blurpeace
IceUnshattered,IceUnshattered
In actu,In actu
Mono,Mono
Dcheagle,Dcheagle
LAAFan,LAAFan
Headbomb,Headbomb
Jj98,Jj98
VernoWhitney,VernoWhitney
Horologium,Horologium
Brad101,Brad101
Aprock,Aprock
Dusti,Dusti
The Determinator,The Determinator
Quasihuman,Quasihuman
Gregory Heffley,Gregory Heffley
Tarc,Tarc
Dede2008,Dede2008
Taroaldo,Taroaldo
BlueBonnet,BlueBonnet
Equazcion,Equazcion
Ncmvocalist,Ncmvocalist
CT Cooper,CT Cooper
Deathlibrarian,Deathlibrarian
Hallows AG,Hallows AG
Nard the Bard,Nard the Bard
Happysailor,Happysailor
Dcshank,Dcshank
henrik,henrik
Smallman12q,Smallman12q
Greyhood,Greyhood
Mikhailov Kusserow,Mikhailov Kusserow
SpeakFree,SpeakFree
Auger Martel,Auger Martel
Chaosdruid,Chaosdruid
Alessandra Napolitano,Alessandra Napolitano
Smartse,Smartse
Gfoley4,Gfoley4
Eluchil404,Eluchil404
Cloveapple,Cloveapple
maxviwe,maxviwe
Obtund,Obtund
The Moose,The Moose
Crystalfile,Crystalfile
Morgankevinj,Morgankevinj
Tom harrison,Tom harrison
The Master,The Master
Abhishikt,Abhishikt
Mlpearc Phone,Mlpearc Phone
MuZemike,MuZemike
Mogism,Mogism
Stuartyeates,Stuartyeates
HotHat,HotHat
Ottawahitech,Ottawahitech
Midhart90,Midhart90
Polarscribe,Polarscribe
Jaguar,Jaguar
Hair,Hair
Uzma Gamal,Uzma Gamal
Fram,Fram
Qworty,Qworty
Rhode Island Red,Rhode Island Red
Dominus Vobisdu,Dominus Vobisdu
TheFeds,TheFeds
Floquenstein's monster,Floquenstein's monster
TheIrishWarden,TheIrishWarden
Hazardous Matt,Hazardous Matt
WDGraham,WDGraham
John Broughton,John Broughton
Nyttend backup,Nyttend backup
Fang Aili,Fang Aili
Pax:Vobiscum,Pax:Vobiscum
Cerebellum,Cerebellum
AerobicFox,AerobicFox
Coviepresb1647,Coviepresb1647
Bens dream,Bens dream
Pontificalibus,Pontificalibus
MBisanz,MBisanz
Hairrr,Hairrr
Kanatonian,Kanatonian
TimidGuy,TimidGuy
Ealdgyth,Ealdgyth
Tex,Tex
Hestiaea,Hestiaea
Trijnstel,Trijnstel
VJ.West,VJ.West
Nihiltres,Nihiltres
Goodvac,Goodvac
Stuart.Jamieson,Stuart.Jamieson
Thincat,Thincat
R'n'B,R'n'B
Aervanath,Aervanath
Lionelt,Lionelt
AnkhMorpork,AnkhMorpork
Caden,Caden
Martinevans123,Martinevans123
Kww,Kww
McJeff,McJeff
DarkFalls,DarkFalls
Katarighe,Katarighe
Bulwersator,Bulwersator
Fox,Fox
Dusty777,Dusty777
Morning277,Morning277
‎Jetijonez,‎Jetijonez
Gavbadger,Gavbadger
Manway,Manway
Davidiad,Davidiad
Jmajeremy,Jmajeremy
Fraggle81,Fraggle81
Pointillist,Pointillist
TerriersFan,TerriersFan
Molestash,Molestash
Dan653,Dan653
Tommy Pinball,Tommy Pinball
Thine Antique Pen (public),Thine Antique Pen (public)
පසිඳු කාවින්ද,පසිඳු කාවින්ද
Department of Redundancy Department,Department of Redundancy Department
Aiken drum,Aiken drum
N5iln,N5iln
JaGa,JaGa
Qrsdogg,Qrsdogg
ArcAngel,ArcAngel
Strikerforce,Strikerforce
Soxrock24,Soxrock24
Shubinator,Shubinator
MarmadukePercy,MarmadukePercy
Hydroxonium,Hydroxonium
John Vandenberg,John Vandenberg
Ancient Apparition,Ancient Apparition
PrincessofLlyr,PrincessofLlyr
Croisés Majestic,Croisés Majestic
Crazymonkey1123,Crazymonkey1123
Jsfouche,Jsfouche
Orangemarlin,Orangemarlin
Doh5678,Doh5678
JuneGloom07,JuneGloom07
TreasuryTag,TreasuryTag
White Shadows,White Shadows
NortyNort,NortyNort
Bejinhan,Bejinhan
Adwiii,Adwiii
Rcsprinter,Rcsprinter
AnemoneProjectors,AnemoneProjectors
Gungadin,Gungadin
"Perseus, Son of Zeus","Perseus, Son of Zeus"
Tedder,Tedder
Tide rolls,Tide rolls
THFSW,THFSW
SMasters,SMasters
Korruski,Korruski
Quartermaster,Quartermaster
DustFormsWords,DustFormsWords
Brambleclawx,Brambleclawx
Someone65,Someone65
DARTH SIDIOUS 2,DARTH SIDIOUS 2
Pepper,Pepper
Dwayne,Dwayne
Frickative,Frickative
methecooldude,methecooldude
Wingdude88,Wingdude88
MelbourneStar1,MelbourneStar1
SuperHamster,SuperHamster
Noommos,Noommos
KeptSouth,KeptSouth
Kleopatra,Kleopatra
Willking1979,Willking1979
Madrid 2020,Madrid 2020
Maximillion Pegasus,Maximillion Pegasus
Fences and windows,Fences and windows
Jclemens,Jclemens
Mike Christie,Mike Christie
Laser brain,Laser brain
UniversitySchool08,UniversitySchool08
1234r00t,1234r00t
Ancapp,Ancapp
Zachlipton,Zachlipton
Opus 113,Opus 113
Jeff G.,Jeff G.
Pmanderson,Pmanderson
Ruhrfisch,Ruhrfisch
Haukurth,Haukurth
Solenodon,Solenodon
Off2riorob,Off2riorob
Dylandlima,Dylandlima
Atmoz,Atmoz
Walton One,Walton One
KuduIO,KuduIO
xeno,xeno
Grandiose,Grandiose
H3llkn0wz,H3llkn0wz
Nepenthes,Nepenthes
Jorgenev,Jorgenev
intelati,intelati
True Pagan Warrior,True Pagan Warrior
Ward20,Ward20
DeadlyAssassin,DeadlyAssassin
NSH001,NSH001
Taelus,Taelus
Jarkeld,Jarkeld
ebe123,ebe123
Bailo26,Bailo26
Khukri,Khukri
Anomie,Anomie
Moogwrench,Moogwrench
WOSlinker,WOSlinker
Sole Soul,Sole Soul
Spidey665,Spidey665
Ruud Koot,Ruud Koot
Jarry1250,Jarry1250
Smithers7,Smithers7
Heymid,Heymid
N419BH,N419BH
Chris G,Chris G
Kubigula,Kubigula
Snottywong,Snottywong
thumperward,thumperward
Chzz,Chzz
Yikrazuul,Yikrazuul
CityOfSilver,CityOfSilver
VictorianMutant,VictorianMutant
Rjwilmsi,Rjwilmsi
Red Rover112,Red Rover112
Xania,Xania
Purplepox01,Purplepox01
Pyfan,Pyfan
JimMillerJr,JimMillerJr
MacMed,MacMed
MauchoEagle,MauchoEagle
TomStar81,TomStar81
Bwmoll3,Bwmoll3
AustralianRupert,AustralianRupert
Cuprum17,Cuprum17
Enfcer,Enfcer
Sonia,Sonia
Banana04131,Banana04131
BigDom,BigDom
Haymaker,Haymaker
Lambanog,Lambanog
NellieBly,NellieBly
Fnlayson,Fnlayson
PassaMethod,PassaMethod
Brewcrewer,Brewcrewer
Brianherman,Brianherman
Jujutacular,Jujutacular
Ctjf83,Ctjf83
Likeminas,Likeminas
Andrevan,Andrevan
Perseus8235,Perseus8235
SpiderJon,SpiderJon
Alistair Stevenson,Alistair Stevenson
Hugahoody,Hugahoody
gadfium,gadfium
Breawycker,Breawycker
Regent of the Seatopians,Regent of the Seatopians
Diego Grez,Diego Grez
Jonkerz,Jonkerz
Porchcrop,Porchcrop
ClubOranje,ClubOranje
Thparkth,Thparkth
Novice7,Novice7
E2eamon,E2eamon
Deliriousandlost,Deliriousandlost
Acather96,Acather96
Lerdthenerd,Lerdthenerd
Wireless Keyboard,Wireless Keyboard
Rahuloof,Rahuloof
TParis00ap,TParis00ap
UncleDouggie,UncleDouggie
Jay-Sebastos,Jay-Sebastos
Sumsum2010,Sumsum2010
Amphytrite,Amphytrite
WikiManOne,WikiManOne
Tommy2010,Tommy2010
Cymru.lass,Cymru.lass
Alison,Alison
Catfish Jim and the soapdish,Catfish Jim and the soapdish
Guoguo12,Guoguo12
Neutrality,Neutrality
Who Am I Why Am I Here,Who Am I Why Am I Here
Doomgaze,Doomgaze
Seaphoto,Seaphoto
philip.t.day,philip.t.day
RHM22,RHM22
Leahtwosaints,Leahtwosaints
Captain Marshalls,Captain Marshalls
Kohoutek1138,Kohoutek1138
Bretonbanquet,Bretonbanquet
PartyAnimal22,PartyAnimal22
PMDrive1061,PMDrive1061
Daicaregos,Daicaregos
LessHeard vanU,LessHeard vanU
Moneya,Moneya
BQZip01,BQZip01
Dincher,Dincher
Lovetinkle,Lovetinkle
Uhai,Uhai
Schlitzer90,Schlitzer90
Geni,Geni
Fish and karate,Fish and karate
RetiredUser12459780,RetiredUser12459780
Bongomatic,Bongomatic
Η-θ,Η-θ
RFA Guy,RFA Guy
Jab843,Jab843
LoveUxoxo,LoveUxoxo
Jamietw,Jamietw
Tnxman307,Tnxman307
Sailsbystars,Sailsbystars
zzuuzz,zzuuzz
ResidentAnthropologist,ResidentAnthropologist
Jamesofur,Jamesofur
Stwalkerster,Stwalkerster
Chester Markel,Chester Markel
HelloAnnyong,HelloAnnyong
Shearonink,Shearonink
Anna,Anna
Memetic Plague,Memetic Plague
Skomorokh,Skomorokh
LonelyBeacon,LonelyBeacon
2over0,2over0
Ucucha,Ucucha
Vugar 1981,Vugar 1981
Mentifisto,Mentifisto
Leyo,Leyo
Dabomb87,Dabomb87
Sadads,Sadads
Mbz1,Mbz1
RobertMfromLI,RobertMfromLI
CutOffTies,CutOffTies
Seb az86556,Seb az86556
Chaser2,Chaser2
BarkingMoon,BarkingMoon
Doc Tropics,Doc Tropics
Jcaraballo,Jcaraballo
General Rommel,General Rommel
Niteshift36,Niteshift36
Will Beback,Will Beback
Abductive,Abductive
Kinaro,Kinaro
Crusio,Crusio
JohnHWiki,JohnHWiki
PhGustaf,PhGustaf
Waterfox,Waterfox
Little Mountain 5,Little Mountain 5
John KB,John KB
Girlwithgreeneyes,Girlwithgreeneyes
Ron Ritzman,Ron Ritzman
Mindbunny,Mindbunny
Hammersoft,Hammersoft
Nakon,Nakon
E. Fokker,E. Fokker
Gordonrox24,Gordonrox24
Gimme danger,Gimme danger
Rami R,Rami R
Physics is all gnomes,Physics is all gnomes
Mr.Z-man,Mr.Z-man
CapitalR,CapitalR
THFSW (alt),THFSW (alt)
Waldir,Waldir
BabbaQ,BabbaQ
NSD,NSD
daniel,daniel
Stevenmitchell,Stevenmitchell
Eglinton2,Eglinton2
Noraft,Noraft
Bulldog123,Bulldog123
AirplanePro,AirplanePro
Sokac121,Sokac121
Gfol,Gfol
Fae,Fae
Synergy,Synergy
Gabriele449,Gabriele449
The Land,The Land
Racepacket,Racepacket
Dayewalker,Dayewalker
IGeMiNix,IGeMiNix
ZooPro,ZooPro
Miranda,Miranda
BabelStone,BabelStone
Stickee,Stickee
LeftCoastMan,LeftCoastMan
GFHandel,GFHandel
Greg L,Greg L
Night Gyr,Night Gyr
wiooiw,wiooiw
SunCountryGuy01,SunCountryGuy01
One,One
NickDupree,NickDupree
EdwardZhao,EdwardZhao
Jennavecia,Jennavecia
Panyd,Panyd
Quadell,Quadell
causa sui,causa sui
MoonLichen,MoonLichen
Zalgo,Zalgo
123Hedgehog456,123Hedgehog456
Theo10011,Theo10011
Joe Chill,Joe Chill
Cerejota,Cerejota
Snardbafulator,Snardbafulator
Doug,Doug
Cbrown1023,Cbrown1023
Pharos,Pharos
Atomician,Atomician
DragonflySixtyseven,DragonflySixtyseven
Pilif12p,Pilif12p
LikeLakers2,LikeLakers2
Zscout370,Zscout370
Enti342,Enti342
KFP,KFP
Unionhawk,Unionhawk
Dcoetzee,Dcoetzee
Porchcorpter,Porchcorpter
Theda,Theda
Jsayre64,Jsayre64
1966batfan,1966batfan
Thistheman,Thistheman
Sallicio,Sallicio
Dr meetsingh,Dr meetsingh
Flightx52,Flightx52
Ronk01,Ronk01
Mike Searson,Mike Searson
Acer,Acer
Hobartimus,Hobartimus
RFD,RFD
Barryob,Barryob
SusanLesch,SusanLesch
Jimmy Pitt,Jimmy Pitt
Gonzonoir,Gonzonoir
Camw,Camw
Scientizzle,Scientizzle
Roux,Roux
Sharkface217,Sharkface217
DarkJak495,DarkJak495
Robjp21019,Robjp21019
NWA.Rep,NWA.Rep
Demize,Demize
DisillusionedBitterAndKnackered,DisillusionedBitterAndKnackered
Eraserhead1,Eraserhead1
Candlewicke,Candlewicke
WhiteWriter,WhiteWriter
Pmlineditor,Pmlineditor
Tivedshambo,Tivedshambo
Crohnie,Crohnie
Dylan620 II,Dylan620 II
Gggh,Gggh
Wikireader41,Wikireader41
Kittybrewster,Kittybrewster
Hodja Nasreddin,Hodja Nasreddin
Evilgohan2,Evilgohan2
Glenfarclas,Glenfarclas
125.162.150.88,125.162.150.88
Jeni,Jeni
Ajbpearce,Ajbpearce
La Pianista,La Pianista
Bastique,Bastique
Leonard^Bloom,Leonard^Bloom
Iqinn,Iqinn
Brandon,Brandon
Aeonx,Aeonx
Trebor,Trebor
Bellatrix Kerrigan,Bellatrix Kerrigan
J Milburn,J Milburn
Sceptre,Sceptre
Francium12,Francium12
Charles Matthews,Charles Matthews
King Pickle,King Pickle
Bahamut0013,Bahamut0013
Aldux,Aldux
Hahnchen,Hahnchen
Logical Premise,Logical Premise
Cyclopia,Cyclopia
Bigtimepeace,Bigtimepeace
Anetode,Anetode
Edgar181,Edgar181
Sgt. R.K. Blue,Sgt. R.K. Blue
Siecor,Siecor
AfterHelper11,AfterHelper11
Mobile Snail,Mobile Snail
TC3132011,TC3132011
Dekimasu,Dekimasu
Manishearth,Manishearth
Bonadea,Bonadea
L'etats C'est Moi,L'etats C'est Moi
Chromancer,Chromancer
Patitomr,Patitomr
MJCdetroit,MJCdetroit
Lightmouse,Lightmouse
Hurricanehink,Hurricanehink
MoRsE,MoRsE
RyanGerbil10,RyanGerbil10
Yellow Evan,Yellow Evan
Peregrine Fisher,Peregrine Fisher
Aleksa Lukic,Aleksa Lukic
Badger Drink,Badger Drink
Divide et Impera,Divide et Impera
CharlieDelta,CharlieDelta
Eusebeus,Eusebeus
Matty,Matty
Maurreen,Maurreen
Kwamikagami,Kwamikagami
Decltype,Decltype
Atemperman,Atemperman
harej,harej
RJaguar3,RJaguar3
Aaron Brenneman,Aaron Brenneman
Kingturtle,Kingturtle
RL0919,RL0919
Pseudo-Richard,Pseudo-Richard
TTTSNB,TTTSNB
Dylanfromthenorth,Dylanfromthenorth
Buffs,Buffs
Rusted AutoParts,Rusted AutoParts
MikeAllen,MikeAllen
Gaijin42,Gaijin42
Arxiloxos,Arxiloxos
Gwen Gale,Gwen Gale
Hans Adler,Hans Adler
Beyond495,Beyond495
Chaser (away),Chaser (away)
Peter,Peter
Abeg92,Abeg92
Yopienso,Yopienso
Richardcavell,Richardcavell
Creation7689,Creation7689
*Kat*,*Kat*
PrincessWortheverything,PrincessWortheverything
Ronjones,Ronjones
Betsythedevine,Betsythedevine
Quigley,Quigley
Bryce53,Bryce53
Wandering Courier,Wandering Courier
Abstruce,Abstruce
America69,America69
CHAK 001,CHAK 001
Cptnono,Cptnono
TerrenceandPhillip,TerrenceandPhillip
Oda Mari,Oda Mari
Tenmei,Tenmei
Bobthefish2,Bobthefish2
John Smith's,John Smith's
Lithistman,Lithistman
Calton,Calton
Mann jess,Mann jess
Fainites,Fainites
Rklawton,Rklawton
Altruism,Altruism
Phoenix7777,Phoenix7777
Magog the Ogre,Magog the Ogre
Lvhis,Lvhis
Diligent007,Diligent007
Danielkueh,Danielkueh
Wee Curry Monster,Wee Curry Monster
STSC,STSC
Sennen goroshi,Sennen goroshi
Trackinfo,Trackinfo
GlassCobra,GlassCobra
Pantherskin,Pantherskin
Coemgenus,Coemgenus
Ghmyrtle,Ghmyrtle
Bastun,Bastun
Fmph,Fmph
Lugnad,Lugnad
Bjmullan,Bjmullan
Finnrind,Finnrind
HighKing,HighKing
Jeanne boleyn,Jeanne boleyn
Sam Blacketer,Sam Blacketer
Matt Lewis,Matt Lewis
Scolaire,Scolaire
Sven the Big Viking,Sven the Big Viking
The C of E,The C of E
GoodDay,GoodDay
Joshua Issac,Joshua Issac
TaerkastUA,TaerkastUA
Rodw,Rodw
Planetary Chaos Redux,Planetary Chaos Redux
Titoxd,Titoxd
EleoTager,EleoTager
Grim Littlez,Grim Littlez
Qwyrxian,Qwyrxian
Thecheesykid,Thecheesykid
Lcsrns,Lcsrns
Pencefn,Pencefn
Ning-ning,Ning-ning
Funandtrvl,Funandtrvl
Manny may,Manny may
Iridescent 2,Iridescent 2
Ozob,Ozob
Jc3s5h,Jc3s5h
Lamberhurst,Lamberhurst
Gadget850,Gadget850
Wikipedian2,Wikipedian2
Decker41811a,Decker41811a
Angusmclellan,Angusmclellan
S h i v a (Visnu),S h i v a (Visnu)
Kingpin13,Kingpin13
Mlpearc Public,Mlpearc Public
TJRC,TJRC
Seddon,Seddon
Thryduulf,Thryduulf
Crosstemplejay,Crosstemplejay
Donald Albury,Donald Albury
Kaaveh Ahangar,Kaaveh Ahangar
MikeBeckett,MikeBeckett
RadManCF,RadManCF
FormerIP,FormerIP
SuperMarioMan,SuperMarioMan
Gtdp,Gtdp
Shrike,Shrike
MLauba,MLauba
UncleBubba,UncleBubba
Rmzadeh,Rmzadeh
NigelPScott,NigelPScott
Turningpointe,Turningpointe
Kenatipo,Kenatipo
Terrillja,Terrillja
William M. Connolley,William M. Connolley
Boulevardier,Boulevardier
Whiteguru,Whiteguru
Pakaran,Pakaran
Archaeo,Archaeo
Celestianpower,Celestianpower
Thenub314,Thenub314
Bms4880,Bms4880
Tony Fox,Tony Fox
Heironymous Rowe,Heironymous Rowe
Griswaldo,Griswaldo
Nick mallory,Nick mallory
Epipelagic,Epipelagic
BelloWello,BelloWello
CWenger,CWenger
Skinny87,Skinny87
Tzu Zha Men,Tzu Zha Men
Normandy,Normandy
PiRSquared17,PiRSquared17
FleetCommand,FleetCommand
Arakunem,Arakunem
Cwmhiraeth,Cwmhiraeth
Groomtech,Groomtech
බිඟුවා,බිඟුවා
Sharktopus,Sharktopus
Boghog,Boghog
EdChem,EdChem
Dthomsen8,Dthomsen8
Elekhh,Elekhh
Innotata,Innotata
Mayur,Mayur
Crazynas,Crazynas
The Master of Mayhem,The Master of Mayhem
Biosketch,Biosketch
NLinpublic,NLinpublic
Kinu,Kinu
Avicennasis,Avicennasis
CalvinTy,CalvinTy
The most interesting man in the world,The most interesting man in the world
David in DC,David in DC
Syrthiss,Syrthiss
Ahunt,Ahunt
Wackywace,Wackywace
Trevor MacInnis,Trevor MacInnis
Manxruler,Manxruler
NVO,NVO
EyeSerene,EyeSerene
C4MB,C4MB
Undead warrior,Undead warrior
Nimbus227,Nimbus227
MickMacNee,MickMacNee
Fæ,Fæ
HaeB,HaeB
Tiptoety,Tiptoety
Mietchen,Mietchen
Njavallil,Njavallil
Rock drum,Rock drum
SQL,SQL
EncMstr,EncMstr
Aboutmovies,Aboutmovies
Gonfaloniere,Gonfaloniere
Daniel J. Leivick,Daniel J. Leivick
Esprqii,Esprqii
Tesscass,Tesscass
Llywrch,Llywrch
GroovySandwich,GroovySandwich
Throwaway85,Throwaway85
Antarctic-adventurer,Antarctic-adventurer
Scog,Scog
Mahewa,Mahewa
Alexf,Alexf
Michael Bednarek,Michael Bednarek
Scieberking,Scieberking
Betty Logan,Betty Logan
Harland1,Harland1
Yamamoto Ichiro,Yamamoto Ichiro
Ed!,Ed!
Steve2011,Steve2011
Hlj,Hlj
ASCIIn2Bme,ASCIIn2Bme
Lil-unique1,Lil-unique1
Download,Download
Bovineboy2008,Bovineboy2008
Scorpion0422,Scorpion0422
Angrysockhop,Angrysockhop
HuskyHuskie,HuskyHuskie
Doncram,Doncram
Garlikguy2,Garlikguy2
Jonathunder,Jonathunder
Wjemather,Wjemather
Brain Before Life,Brain Before Life
RifeIdeas,RifeIdeas
TurquoiseThreads,TurquoiseThreads
DÜNGÁNÈ,DÜNGÁNÈ
Cryptic C62,Cryptic C62
Philg88,Philg88
Prav001,Prav001
Spinningspark,Spinningspark
Radiopathy,Radiopathy
David Eppstein,David Eppstein
This lousy T-shirt,This lousy T-shirt
Giants27,Giants27
Nyswimmer,Nyswimmer
Tavix,Tavix
Iridescent,Iridescent
Terrafermat,Terrafermat
Phoenix and Winslow,Phoenix and Winslow
43?9enter,43?9enter
Fr33kman,Fr33kman
Mariordo,Mariordo
Johnfos,Johnfos
Eddie6705,Eddie6705
MayhemMario,MayhemMario
Tommyjb,Tommyjb
Fred Bauder,Fred Bauder
LeadSongDog,LeadSongDog
Belovedfreak,Belovedfreak
NYMets2000,NYMets2000
C.Fred,C.Fred
Another Type of Zombie,Another Type of Zombie
SomeDudeWithAUserName,SomeDudeWithAUserName
Ginsengbomb,Ginsengbomb
HooperBandP,HooperBandP
Evilphoenix,Evilphoenix
Marlith,Marlith
Lost Josephine Minor,Lost Josephine Minor
Rd232,Rd232
Pi,Pi
Kgorman-ucb,Kgorman-ucb
Grim23,Grim23
Moabdave,Moabdave
LiteralKa,LiteralKa
Anythingyouwant,Anythingyouwant
PopularMax,PopularMax
Grandmasterka,Grandmasterka
JPG-GR,JPG-GR
Passionless,Passionless
Δ,Δ
Kralizec!,Kralizec!
nn123645,nn123645
Chowbok,Chowbok
Oddbodz,Oddbodz
Seth Kellerman,Seth Kellerman
Staffwaterboy,Staffwaterboy
e2eamon,e2eamon
Jack Merridew,Jack Merridew
Doctorfluffy,Doctorfluffy
Okip,Okip
Novickas,Novickas
nsaum75,nsaum75
Bukrafil,Bukrafil
Jiujitsuguy,Jiujitsuguy
Chesdovi,Chesdovi
Spongefrog,Spongefrog
Jéské Couriano,Jéské Couriano
Pax85,Pax85
SchmuckyTheCat,SchmuckyTheCat
Alexandria,Alexandria
Deskana,Deskana
Mattwj2002,Mattwj2002
Hersfold,Hersfold
Tempodivalse,Tempodivalse
Manticore,Manticore
Matty the Damned,Matty the Damned
Belugaboy,Belugaboy
Banaticus,Banaticus
Xavexgoem,Xavexgoem
Tarheel95,Tarheel95
Timl2k4,Timl2k4
Wasbeer,Wasbeer
Rebecca,Rebecca
Arctic Night,Arctic Night
Bubba hotep,Bubba hotep
JamieS93,JamieS93
The High Fin Sperm Whale,The High Fin Sperm Whale
Useight,Useight
LiberalFascist,LiberalFascist
Tim Song,Tim Song
Vipinhari,Vipinhari
Valley2city,Valley2city
The Thing That Should Not Be,The Thing That Should Not Be
GJGardner,GJGardner
Accounting4Taste,Accounting4Taste
Immunize,Immunize
Doc Quintana,Doc Quintana
Parker1297,Parker1297
Pink Bull,Pink Bull
Andromedabluesphere440,Andromedabluesphere440
High Contrast,High Contrast
AlioTheFool,AlioTheFool
Grondemar,Grondemar
OpenTheWindows,OpenTheWindows
TFOWR,TFOWR
Euryalus,Euryalus
Nascar1996,Nascar1996
Rje,Rje
Access Denied,Access Denied
Arsonal,Arsonal
Netalarm,Netalarm
Ryan Norton,Ryan Norton
Kayau,Kayau
Kindzmarauli,Kindzmarauli
Jmlk17,Jmlk17
Mountlovcen8,Mountlovcen8
FD,FD
MithrandirAgain,MithrandirAgain
GDonato,GDonato
Esteffect,Esteffect
WikiCopter,WikiCopter
Allmightyduck,Allmightyduck
Suomi Finland 2009,Suomi Finland 2009
YellowMonkey,YellowMonkey
Andonic,Andonic
Polargeo,Polargeo
Bwrs,Bwrs
SoCalSuperEagle,SoCalSuperEagle
Explicit,Explicit
Cornucopia,Cornucopia
AfD hero,AfD hero
Camaron,Camaron
SirFozzie,SirFozzie
Rlevse,Rlevse
MBK004,MBK004
Aditya,Aditya
Pohta ce-am pohtit,Pohta ce-am pohtit
KnightLago,KnightLago
Rin tin tin,Rin tin tin
Bradjamesbrown,Bradjamesbrown
J.delanoy,J.delanoy
Reconsider the static,Reconsider the static
Endofskull,Endofskull
Gray62,Gray62
DC,DC
Exploding Boy,Exploding Boy
Rettetast,Rettetast
Arsenikk,Arsenikk
Assorg,Assorg
Aaroncrick,Aaroncrick
Geschichte,Geschichte
mono,mono
Staxringold,Staxringold
the ed17,the ed17
Philcha,Philcha
Darwinek,Darwinek
Sole Flounder,Sole Flounder
Oxguy3,Oxguy3
Hoary,Hoary
Cocytus,Cocytus
Flyguy649,Flyguy649
December21st2012Freak,December21st2012Freak
Forenti,Forenti
Blanchardb,Blanchardb
Edgarde,Edgarde
Rodhullandemu,Rodhullandemu
Next-Genn-Gamer,Next-Genn-Gamer
Argyle 4 Life,Argyle 4 Life
Triona,Triona
Sarah,Sarah
Stephen B Streater,Stephen B Streater
Literaturegeek,Literaturegeek
The New Mikemoral,The New Mikemoral
Siva1979,Siva1979
Kanonkas,Kanonkas
The Evil IP address,The Evil IP address
Durova,Durova
Craftyminion,Craftyminion
M.K,M.K
RashersTierney,RashersTierney
Lord Pistachio,Lord Pistachio
Jubileeclipman,Jubileeclipman
Jauerback,Jauerback
Andewz111,Andewz111
Paralympiakos,Paralympiakos
Mauler90,Mauler90
Extransit,Extransit
Barras,Barras
I-20,I-20
Coasterlover1994,Coasterlover1994
IronGargoyle,IronGargoyle
Lustralaustral,Lustralaustral
Jack,Jack
ActivExpression,ActivExpression
AJCham,AJCham
Rjanag,Rjanag
Coldplay Expert,Coldplay Expert
Lar,Lar
MurfleMan,MurfleMan
Liquidluck,Liquidluck
SluggoOne,SluggoOne
Ta bu shi da yu,Ta bu shi da yu
Proofreader77,Proofreader77
Padillah,Padillah
Redvers,Redvers
Warrah,Warrah
Tanthalas39,Tanthalas39
Dave souza,Dave souza
ChildofMidnight,ChildofMidnight
Scarian,Scarian
Notedgrant,Notedgrant
Smashville,Smashville
MWOAP,MWOAP
Oberonfitch,Oberonfitch
Happenstance,Happenstance
Mobile Suit Gundam,Mobile Suit Gundam
Abecedare,Abecedare
Booksworm,Booksworm
Yzak Jule,Yzak Jule
Josette,Josette
Ocee,Ocee
Bedford,Bedford
IP69.226.103.13,IP69.226.103.13
Unitanode,Unitanode
GaryColemanFan,GaryColemanFan
Caspian blue,Caspian blue
Ioeth,Ioeth
Minimac94,Minimac94
Cyclonenim,Cyclonenim
Kilbad,Kilbad
Maedin,Maedin
A Nobody,A Nobody
Chamal N,Chamal N
The Arbiter,The Arbiter
Katerenka,Katerenka
Samwb123,Samwb123
JulieSpaulding,JulieSpaulding
Otherlleft,Otherlleft
NJA,NJA
DESiegel,DESiegel
Benjiboi,Benjiboi
Mattisse,Mattisse
TitanOne,TitanOne
Brianann MacAmhlaidh,Brianann MacAmhlaidh
George The Dragon,George The Dragon
iBen,iBen
Ginbot86,Ginbot86
Hive001,Hive001
B.hotep,B.hotep
Steve,Steve
Mm40,Mm40
Awickert,Awickert
Geometry guy,Geometry guy
Pepperpiggle,Pepperpiggle
Slgrandson,Slgrandson
TharsHammar,TharsHammar
Derild4921,Derild4921
Codf1977,Codf1977
Editorofthewiki,Editorofthewiki
Sulmues,Sulmues
Quantpole,Quantpole
Giangian15,Giangian15
East of Borschov,East of Borschov
Occuli,Occuli
BLGM5,BLGM5
Karanacs,Karanacs
NocturneNoir,NocturneNoir
Chrishomingtang,Chrishomingtang
elcobbola,elcobbola
Nasty Housecat,Nasty Housecat
Shimeru,Shimeru
GrapedApe,GrapedApe
T,T
FT2,FT2
CJISBEAST,CJISBEAST
Unomi,Unomi
Matthewedwards,Matthewedwards
William S. Saturn,William S. Saturn
Rambo,Rambo
Frcm1988,Frcm1988
Hamiltonstone,Hamiltonstone
Seraphim,Seraphim
Chanakal,Chanakal
HWV258,HWV258
Ericorbit,Ericorbit
Killervogel5,Killervogel5
Mister sparky,Mister sparky
Arteyu,Arteyu
Goodmorningworld,Goodmorningworld
CycloneGU,CycloneGU
K. Annoyomous,K. Annoyomous
Sandman888,Sandman888
Ling.Nut,Ling.Nut
Xcalizorz,Xcalizorz
GamerPro64,GamerPro64
Wotnow,Wotnow
GyroMagician,GyroMagician
Timothymarskell,Timothymarskell
Iridia,Iridia
Minor4th,Minor4th
Sandahl,Sandahl
Shimgray,Shimgray
シ,シ
Fridae'sDoom,Fridae'sDoom
Paulmnguyen,Paulmnguyen
Wayne Olajuwon,Wayne Olajuwon
Smiley4541,Smiley4541
Hoo man,Hoo man
WeijiBaikeBianji,WeijiBaikeBianji
Jeffwang16,Jeffwang16
Ocean Shores,Ocean Shores
Canadian2006,Canadian2006
wackywace,wackywace
Vivio Testarossa,Vivio Testarossa
Mike411,Mike411
Mrmewe,Mrmewe
Grsz11,Grsz11
Bad edits r dumb,Bad edits r dumb
Corruptcopper,Corruptcopper
Yankees10,Yankees10
Efcmagnew,Efcmagnew
Addihockey10,Addihockey10
RevanFan,RevanFan
Clementina,Clementina
Giftiger wunsch,Giftiger wunsch
Nations United,Nations United
gonads3,gonads3
Saebvn,Saebvn
Looie496,Looie496
Akhilleus,Akhilleus
Cynwolfe,Cynwolfe
SpikeToronto,SpikeToronto
Haploidavey,Haploidavey
E. Ripley,E. Ripley
Special Cases,Special Cases
John Carter,John Carter
Mathsci,Mathsci
Mo ainm,Mo ainm
Campbell Drive,Campbell Drive
Xanthoxyl,Xanthoxyl
Gimmetoo,Gimmetoo
JoJo,JoJo
DD2K,DD2K
Justin W Smith,Justin W Smith
Nirvana888,Nirvana888
Omirocksthisworld,Omirocksthisworld
Theclerkswell,Theclerkswell
Singlish speaker,Singlish speaker
SamEV,SamEV
Nilotpal42,Nilotpal42
madhero88,madhero88
Alanraywiki,Alanraywiki
74.178.230.17,74.178.230.17
JzG,JzG
"Marco Guzman, Jr","Marco Guzman, Jr"
Icewedge,Icewedge
Cool Hand Luke,Cool Hand Luke
Sbharris,Sbharris
Fran Rogers,Fran Rogers
Conti,Conti
Ripberger,Ripberger
Recognizance,Recognizance
Wizzy,Wizzy
Dtobias,Dtobias
BanyanTree,BanyanTree
Power.corrupts,Power.corrupts
Leithp,Leithp
Crotalus horridus,Crotalus horridus
Amerique,Amerique
Viridae,Viridae
John Z,John Z
Hydnjo,Hydnjo
Lala m7,Lala m7
Tombomp,Tombomp
Davemeistermoab,Davemeistermoab
Jim boon,Jim boon
Politoman,Politoman
Ikip,Ikip
Jacina,Jacina
Pascal.Tesson,Pascal.Tesson
R.D.H. (Ghost In The Machine),R.D.H. (Ghost In The Machine)
Þjóðólfr,Þjóðólfr
Rdsmith4,Rdsmith4
Moreschi,Moreschi
"Inferno, Lord of Penguins","Inferno, Lord of Penguins"
Poltair,Poltair
Thegroove,Thegroove
South Bay,South Bay
Tyrenius,Tyrenius
DollyD,DollyD
Steve Smith,Steve Smith
HiDrNick,HiDrNick
Luk,Luk
The Hero of This Nation,The Hero of This Nation
Jahiegel,Jahiegel
JohnWBarber,JohnWBarber
Feydey,Feydey
The Wordsmith,The Wordsmith
JBsupreme,JBsupreme
Fail,Fail
TenOfAllTrades,TenOfAllTrades
The Fat Man Who Never Came Back,The Fat Man Who Never Came Back
Crum375,Crum375
Student7,Student7
Sephiroth BCR,Sephiroth BCR
One Night In Hackney,One Night In Hackney
Singopo,Singopo
Aunt Entropy,Aunt Entropy
Aitias,Aitias
"Hit bull, win steak","Hit bull, win steak"
Elkman,Elkman
Spitfire,Spitfire
Acebulf,Acebulf
Shereth,Shereth
Satori Son,Satori Son
Beetstra,Beetstra
Docboat,Docboat
2,2
WLU,WLU
TCNSV,TCNSV
GRuban,GRuban
hmwith,hmwith
RN,RN
Elektrik Shoos,Elektrik Shoos
Reach Out to the Truth,Reach Out to the Truth
IJA,IJA
SchfiftyThree,SchfiftyThree
Daedalus969,Daedalus969
Crazycomputers,Crazycomputers
Mikemoral,Mikemoral
Forty two,Forty two
95j,95j
Joshua Scott,Joshua Scott
Fbifriday,Fbifriday
Gosox5555,Gosox5555
JDDJS,JDDJS
Davtra,Davtra
Majorly,Majorly
Friday,Friday
GTBacchus,GTBacchus
Garden,Garden
Hal peridol,Hal peridol
RMHED,RMHED
JB50000,JB50000
Goldamania,Goldamania
Otterathome,Otterathome
AP1787,AP1787
A3RO,A3RO
Jeepday,Jeepday
Cmadler,Cmadler
Wexcan,Wexcan
Nephron,Nephron
Weaponbb7,Weaponbb7
AliveFreeHappy,AliveFreeHappy
Látches,Látches
Yousou,Yousou
Nergaal,Nergaal
Crossmr,Crossmr
Tabercil,Tabercil
Cargoking,Cargoking
Crystal Clear x3,Crystal Clear x3
Big Bird,Big Bird
Hamtechperson,Hamtechperson
Kafziel,Kafziel
Dumelow,Dumelow
Tone,Tone
Marcusmax,Marcusmax
Hadger,Hadger
Legolas2186,Legolas2186
Emily Jensen,Emily Jensen
Someone another,Someone another
Timmeh,Timmeh
TheWeakWilled,TheWeakWilled
MrRadioGuy,MrRadioGuy
Olaf Davis,Olaf Davis
Susfele,Susfele
MESJ,MESJ
Avraham,Avraham
Nifky?,Nifky?
Shanata,Shanata
Jfdwolff,Jfdwolff
Wouterstomp,Wouterstomp
Mr Bungle,Mr Bungle
Hordaland,Hordaland
Richiez,Richiez
Boghog2,Boghog2
Davidruben,Davidruben
Stevenfruitsmaak,Stevenfruitsmaak
Ceazar77,Ceazar77
Garrondo,Garrondo
leevanjackson,leevanjackson
ScienceApologist,ScienceApologist
Transity,Transity
ChemistryProf,ChemistryProf
Bigweeboy,Bigweeboy
Hickorybark,Hickorybark
Edith Sirius Lee,Edith Sirius Lee
Luke Warmwater101,Luke Warmwater101
Avenged Eightfold,Avenged Eightfold
Arbitrarily0,Arbitrarily0
Zvn,Zvn
NerdyScienceDude,NerdyScienceDude
Church of emacs,Church of emacs
Noian,Noian
WarthogDemon,WarthogDemon
Ale jrb,Ale jrb
Dspradau,Dspradau
FlyingToaster,FlyingToaster
Anirishwoman,Anirishwoman
Sgeureka,Sgeureka
Donatrip,Donatrip
Wildhartlivie,Wildhartlivie
Journalist,Journalist
JayHenry,JayHenry
Cathardic,Cathardic
7OA,7OA
Petergriffin9901,Petergriffin9901
JohnFromPinckney,JohnFromPinckney
Harout72,Harout72
Collectonian,Collectonian
Zhang He,Zhang He
Dekkappai,Dekkappai
seresin,seresin
TravisTX,TravisTX
Triplestop,Triplestop
Realist2,Realist2
Fleetflame,Fleetflame
RandomStringOfCharacters,RandomStringOfCharacters
Arthur Rubin,Arthur Rubin
Frozen Wind,Frozen Wind
Rifleman 82,Rifleman 82
DMacks,DMacks
Physchim62,Physchim62
Alansohn,Alansohn
TeaDrinker,TeaDrinker
The Utahraptor's sock,The Utahraptor's sock
Mattopaedia,Mattopaedia
Xurtio,Xurtio
Jerry,Jerry
Regancy42,Regancy42
ais523,ais523
Khoikhoi,Khoikhoi
83d40m,83d40m
Elvey,Elvey
Soundvisions1,Soundvisions1
Truthsort,Truthsort
The undertow,The undertow
MGA73,MGA73
Raeky,Raeky
Lukasz Lukomski,Lukasz Lukomski
I like pie it tastes good,I like pie it tastes good
AKMask,AKMask
Anthony.bradbury,Anthony.bradbury
Vyvyan Ade Basterd,Vyvyan Ade Basterd
Ww2censor,Ww2censor
Nutarama,Nutarama
Andrensath,Andrensath
Frickeg,Frickeg
Mattinbgn,Mattinbgn
BritishWatcher,BritishWatcher
Pookeo9,Pookeo9
Sheeana,Sheeana
Parent5446,Parent5446
AnmaFinotera,AnmaFinotera
Peter I. Vardy,Peter I. Vardy
Harrias,Harrias
Harthacnut,Harthacnut
Richerman,Richerman
Ranger Steve,Ranger Steve
Hchc2009,Hchc2009
Gun Powder Ma,Gun Powder Ma
Deacon of Pndapetzim,Deacon of Pndapetzim
Mugginsx,Mugginsx
Дунгане,Дунгане
DrKiernan,DrKiernan
Avenue,Avenue
Abce2,Abce2
Datheisen,Datheisen
Æk,Æk
Keytar Shredder,Keytar Shredder
Gatoclass,Gatoclass
Rasputin72,Rasputin72
Mr. Anon515,Mr. Anon515
Wikiwoohoo,Wikiwoohoo
MisterWiki,MisterWiki
Apoc2400,Apoc2400
Peter Karlsen,Peter Karlsen
Deckiller,Deckiller
Monomium,Monomium
Orfen,Orfen
Dmgultekin,Dmgultekin
Ukexpat,Ukexpat
Keraunoscopia,Keraunoscopia
Weakopedia,Weakopedia
Unioneagle,Unioneagle
Kingoomieiii,Kingoomieiii
3centsoap,3centsoap
LedgendGamer,LedgendGamer
Barkjon,Barkjon
Tadija,Tadija
DIREKTOR,DIREKTOR
The 888th Avatar,The 888th Avatar
PRODUCER,PRODUCER
Patriot8790,Patriot8790
Vrubel's Demons,Vrubel's Demons
JimmyBlackwing,JimmyBlackwing
JodyB,JodyB
Hi878 isn't home,Hi878 isn't home
Guyinblack25,Guyinblack25
Polargeo 2,Polargeo 2
Pmlinediter,Pmlinediter
I.M.S.,I.M.S.
Williamborg,Williamborg
Nmajdan,Nmajdan
RUL3R,RUL3R
Bigger digger,Bigger digger
Forever Dusk,Forever Dusk
Gavia immer,Gavia immer
Becksguy,Becksguy
Wolfnix,Wolfnix
Joe Gazz84,Joe Gazz84
Twp,Twp
Protector of Wiki,Protector of Wiki
Tim1357,Tim1357
jæs,jæs
FinalRapture,FinalRapture
Icestorm815,Icestorm815
Jason Rees,Jason Rees
Pilif12p's sock,Pilif12p's sock
Rrburke,Rrburke
RoyBoy,RoyBoy
Thesevenseas,Thesevenseas
Narthring,Narthring
CrazyInSane,CrazyInSane
Floul1,Floul1
Bradeos Graphon,Bradeos Graphon
Rohedin,Rohedin
Cenarium,Cenarium
TheRasIsBack,TheRasIsBack
ATren,ATren
Raul654,Raul654
Torinir,Torinir
THF,THF
Count Iblis,Count Iblis
Karenjc,Karenjc
Abd,Abd
KimDabelsteinPetersen,KimDabelsteinPetersen
ScottyBerg,ScottyBerg
Stephan Schulz,Stephan Schulz
Thejadefalcon,Thejadefalcon
Phynicen,Phynicen
Malinaccier Public,Malinaccier Public
Oscroft,Oscroft
Razorflame,Razorflame
Wuhwuzdat,Wuhwuzdat
Hawkey131,Hawkey131
Jack forbes,Jack forbes
Hereforhomework2,Hereforhomework2
Lova Falk,Lova Falk
Shii,Shii
Traxs7,Traxs7
QwerpQwertus,QwerpQwertus
Panzertank,Panzertank
Cannonbolt2,Cannonbolt2
Footyfanatic3000,Footyfanatic3000
Shuki,Shuki
Charles Edward,Charles Edward
Wine Guy,Wine Guy
Frozenevolution,Frozenevolution
Youngamerican,Youngamerican
Anticipator,Anticipator
TheGrappler,TheGrappler
Skizzik,Skizzik
ThinkBlue,ThinkBlue
Spike Wilbury,Spike Wilbury
Kotra,Kotra
Esuzu,Esuzu
jamesooders,jamesooders
Fair Shannon,Fair Shannon
Izno,Izno
Jimbo Wales,Jimbo Wales
Sven70,Sven70
Gavin.collins,Gavin.collins
Ryan4314,Ryan4314
Knepflerle,Knepflerle
Anonymous Dissident,Anonymous Dissident
Bzuk,Bzuk
Husond,Husond
Sidonuke,Sidonuke
Awesomeness,Awesomeness
Jeffrey Mall,Jeffrey Mall
Keith D,Keith D
Yanksox,Yanksox
AussieLegend,AussieLegend
Seahorseruler,Seahorseruler
Clayoquot,Clayoquot
A little insignificant,A little insignificant
Fabrictramp,Fabrictramp
Cloudbound,Cloudbound
Filmnmusicritic,Filmnmusicritic
Difu Wu,Difu Wu
NonvocalScream,NonvocalScream
ErikTheBikeMan,ErikTheBikeMan
SteveRwanda,SteveRwanda
Quadzilla99,Quadzilla99
Clovis Sangrail,Clovis Sangrail
Voceditenore,Voceditenore
AtheWeatherman,AtheWeatherman
January,January
Hekerui,Hekerui
TucsonDavid,TucsonDavid
Eclipsed,Eclipsed
Beria,Beria
Judicatus,Judicatus
FredZ,FredZ
Rahulchoudhary003,Rahulchoudhary003
PS.,PS.
rmosler2100,rmosler2100
Vianello,Vianello
Xenon54,Xenon54
Don4of4,Don4of4
Salka,Salka
S9,S9
Pumpmeup,Pumpmeup
Chrism,Chrism
ArieScheurwater,ArieScheurwater
Elektrik Band,Elektrik Band
The sock that should not be,The sock that should not be
Stillwaterising,Stillwaterising
Neutron,Neutron
Polaron,Polaron
Postdlf,Postdlf
DeltaQuad.alt,DeltaQuad.alt
Rymich13,Rymich13
KnowIG,KnowIG
Either way,Either way
Thebirdlover,Thebirdlover
Urban Fox,Urban Fox
sulmues,sulmues
GeneralCheese,GeneralCheese
Fred the Oyster,Fred the Oyster
Guest9999,Guest9999
Anowlin,Anowlin
David Ludwig,David Ludwig
Mr. IP,Mr. IP
Bydand,Bydand
EdEColbert,EdEColbert
Blargh29,Blargh29
Multixfer,Multixfer
Sodacan,Sodacan
khfan93,khfan93
JMS Old Al,JMS Old Al
neo12345292,neo12345292
Bart133,Bart133
Snappy,Snappy
Radiantenergy,Radiantenergy
Daven200520,Daven200520
Artem Karimov,Artem Karimov
ConCompS,ConCompS
Korath,Korath
Tuxedo junction,Tuxedo junction
Mattgirling,Mattgirling
Train2104,Train2104
Noloop,Noloop
Luckytoilet,Luckytoilet
Enric Naval,Enric Naval
The Anome,The Anome
SmokingNewton,SmokingNewton
Davidwr,Davidwr
Gwern,Gwern
MrOllie,MrOllie
Jack-A-Roe,Jack-A-Roe
Latebird,Latebird
ElKevbo,ElKevbo
Sxeptomaniac,Sxeptomaniac
Verbal,Verbal
Narson,Narson
Achromatic,Achromatic
Onorem,Onorem
HeartofaDog,HeartofaDog
Topbanana,Topbanana
Rockstone35,Rockstone35
Turian,Turian
Bullzeye,Bullzeye
Dr Dec,Dr Dec
Soxwon,Soxwon
Jake Wartenberg,Jake Wartenberg
7107delicious,7107delicious
Wiki Greek Basketball,Wiki Greek Basketball
NiceHotShower,NiceHotShower
Lionmadness,Lionmadness
blurpeace,blurpeace
IMatthew,IMatthew
Kbrose,Kbrose
Swtpc6800,Swtpc6800
IronBreww,IronBreww
Theirrulez,Theirrulez
PeterbrownDancin,PeterbrownDancin
Pdfpdf,Pdfpdf
IBen,IBen
Nefariousski,Nefariousski
Enigmaman,Enigmaman
Ben Tillman,Ben Tillman
Sssoul,Sssoul
Wiki libs,Wiki libs
ReverendWayne,ReverendWayne
Ugen64,Ugen64
AA,AA
Wolfkeeper,Wolfkeeper
Nishidani,Nishidani
PGWG,PGWG
Carcharoth,Carcharoth
Alan W,Alan W
Deadkid dk,Deadkid dk
Nlu,Nlu
WillowW,WillowW
Folantin,Folantin
Jack1956,Jack1956
CJLL Wright,CJLL Wright
Kmhkmh,Kmhkmh
Aj00200,Aj00200
Matt319,Matt319
Sleapaside,Sleapaside
Flaming,Flaming
LordPiratez,LordPiratez
ChaosControl1994,ChaosControl1994
Thegoodlocust,Thegoodlocust
ZooFari,ZooFari
Tbhotch,Tbhotch
Xihr,Xihr
Donald Schroeder JWH018,Donald Schroeder JWH018
Captain panda,Captain panda
OverlordQ,OverlordQ
BrownHoner,BrownHoner
The silent gnome,The silent gnome
Littledanno,Littledanno
Ezratrumpet,Ezratrumpet
Jezhotwells,Jezhotwells
dotKuro,dotKuro
GreenGourd,GreenGourd
Linguisticgeek,Linguisticgeek
Stone,Stone
Plot Spoiler,Plot Spoiler
ברוקולי,ברוקולי
Bradjamesbrown is travelling,Bradjamesbrown is travelling
Jbmurray,Jbmurray
FluffyPug,FluffyPug
Sunshine4921,Sunshine4921
MVOO,MVOO
Wtmitchell,Wtmitchell
Andrei S,Andrei S
BobNewbie123,BobNewbie123
BRUTE,BRUTE
Esoglou,Esoglou
ERK,ERK
LoveMonkey,LoveMonkey
Taiwan boi,Taiwan boi
Polargeo 3,Polargeo 3
Kelapstick,Kelapstick
BozMo,BozMo
Joopercoopers,Joopercoopers
Morbidthoughts,Morbidthoughts
Dwanyewest,Dwanyewest
DwayneFlanders,DwayneFlanders
Luminifer,Luminifer
TimVickers,TimVickers
Hdt83,Hdt83
RGTraynor,RGTraynor
Ohms law,Ohms law
Sinneed,Sinneed
Jhbuk,Jhbuk
Res2216firestar,Res2216firestar
Faithlessthewonderboy,Faithlessthewonderboy
Paste,Paste
DGaw,DGaw
Millahnna,Millahnna
Gwen-chan,Gwen-chan
Chaoticfluffy,Chaoticfluffy
Sunderland06,Sunderland06
Thorncrag,Thorncrag
Aqwis,Aqwis
Dffgd,Dffgd
intelati1,intelati1
UserVOBO,UserVOBO
Kenrick95,Kenrick95
Nick Ottery,Nick Ottery
69.121.245.182,69.121.245.182
DF,DF
Nekami The Second,Nekami The Second
Jason Quinn,Jason Quinn
Mattythewhite,Mattythewhite
Nthep,Nthep
West.andrew.g,West.andrew.g
angelo1345,angelo1345
AppleJack-7,AppleJack-7
Pjoef,Pjoef
TortoiseWrath,TortoiseWrath
Ekabhishek,Ekabhishek
Fayenatic london,Fayenatic london
TommyBoy,TommyBoy
987li,987li
Baseballrocks538,Baseballrocks538
Central Data Bank,Central Data Bank
Dannyboy1209,Dannyboy1209
Distributor108,Distributor108
Farrtj,Farrtj
Figureskatingfan,Figureskatingfan
Floydian,Floydian
GSorby,GSorby
History2007,History2007
James1011R,James1011R
JordanKyser22,JordanKyser22
Kamek98,Kamek98
Mapalazoo,Mapalazoo
Penyulap,Penyulap
PerryThePlatypusFan,PerryThePlatypusFan
Raghusri,Raghusri
ronjohn,ronjohn
Sk8terguy27,Sk8terguy27
Swinquest,Swinquest
TheAustinMan,TheAustinMan
WinEuro,WinEuro
XyphynX9,XyphynX9
Jimp,Jimp
Neelix,Neelix
A520,A520
Andrew J Powers,Andrew J Powers
Ankitbhatt,Ankitbhatt
Ankitkool1988,Ankitkool1988
Ant682,Ant682
AwesomeSponge,AwesomeSponge
Cjc811,Cjc811
Coolguy22468,Coolguy22468
Core2012,Core2012
Cprice1000,Cprice1000
Curtis23,Curtis23
CWH,CWH
Dudemanfellabra,Dudemanfellabra
Ebikeguy,Ebikeguy
Eduemoni,Eduemoni
Glane23,Glane23
GutiLucian02,GutiLucian02
HangingCurve,HangingCurve
Katharineamy,Katharineamy
Ke5crz,Ke5crz
Kylekieran,Kylekieran
Latish redone,Latish redone
Methecooldude,Methecooldude
NickPenguin,NickPenguin
RadioFan,RadioFan
Reenem,Reenem
Rehman,Rehman
SilverSoul91911,SilverSoul91911
Snakenath,Snakenath
TedPavlic,TedPavlic
Ttonyb1,Ttonyb1
VegetaSaiyan,VegetaSaiyan
Wcreed88,Wcreed88
Wikispott,Wikispott
Woe90i,Woe90i
Barek,Barek
Father Goose,Father Goose
Mandsford,Mandsford
TheCatalyst31,TheCatalyst31
07bargem,07bargem
Adyniz,Adyniz
Alan16,Alan16
alexsautographs,alexsautographs
Alexsautographs,Alexsautographs
barts1a,barts1a
Bobby122,Bobby122
Cgoodwin,Cgoodwin
Checker Fred,Checker Fred
Cliffmore,Cliffmore
Danielspencer91,Danielspencer91
Darth Stabro,Darth Stabro
ddbruce,ddbruce
Ecw.technoid.dweeb,Ecw.technoid.dweeb
Eridani,Eridani
Ezekiel63745,Ezekiel63745
Falcon8765,Falcon8765
Flushing258,Flushing258
Frozen4322,Frozen4322
Geomapboy2,Geomapboy2
Gobbleswoggler,Gobbleswoggler
GSorbyDesroid,GSorbyDesroid
GSorbyDesroid 2,GSorbyDesroid 2
Halgo123,Halgo123
Halil marx07,Halil marx07
Ipfreely555,Ipfreely555
JahaalChakravarti,JahaalChakravarti
Jempcorp,Jempcorp
Jerem43,Jerem43
Jmcw37,Jmcw37
KhamaPula,KhamaPula
Kirachinmoku,Kirachinmoku
Kirkoconnell,Kirkoconnell
KRSTIGER,KRSTIGER
Laptopmaker,Laptopmaker
Louis Taylor,Louis Taylor
Madhero88,Madhero88
Madokhn,Madokhn
Marcus Aurelius Antoninus,Marcus Aurelius Antoninus
matt319,matt319
Merle Lang,Merle Lang
Mikael Häggström,Mikael Häggström
Mysdaao,Mysdaao
NastalgicCam,NastalgicCam
Navy blue84,Navy blue84
Nosleep,Nosleep
P Carn,P Carn
PopMusicWillNeverBeLowBrow,PopMusicWillNeverBeLowBrow
ProcEnforce,ProcEnforce
Raaggio,Raaggio
Redthoreau,Redthoreau
rp0211,rp0211
Rzrscm,Rzrscm
S1312,S1312
Saverx,Saverx
ShawnIsHere,ShawnIsHere
SJK,SJK
SyedNaqvi90,SyedNaqvi90
TEK,TEK
Terrasidius,Terrasidius
Torchwoodwho,Torchwoodwho
Venomcuz,Venomcuz
Wilhelmina Will,Wilhelmina Will
YOSF0113,YOSF0113
Youndbuckerz,Youndbuckerz
Yuvmil,Yuvmil
